Sample ID,User ID,Date ,Time ,ng/ul ,A260 ,A280 ,260/280 ,260/230 ,Constant ,Cursor Pos.,Cursor abs.,340 raw,welcher drop,,Legende
188,Default,5/30/2018,14:28,106.61,2.132,1.146,1.86,0.89,50,230,2.388,-0.045,nanodrop_4,,nanodrop_4
187,Default,5/30/2018,14:30,100.5,2.01,1.098,1.83,1.24,50,230,1.615,-0.074,nanodrop_4,,nanodrop_3
10,Default,5/30/2018,14:30,23.43,0.469,0.292,1.6,0.52,50,230,0.904,-0.063,nanodrop_4,,nanodrop_2
180,Default,5/30/2018,14:31,37.94,0.759,0.445,1.7,1.83,50,230,0.414,-0.019,nanodrop_4,,nanodrop_1
526,Default,5/30/2018,14:32,103.31,2.066,1.147,1.8,1.37,50,230,1.514,-0.049,nanodrop_4,,
191,Default,5/30/2018,14:33,46.13,0.923,0.517,1.78,0.24,50,230,3.847,-0.093,nanodrop_4,,
484,Default,5/30/2018,14:33,48.62,0.972,0.57,1.71,0.54,50,230,1.808,-0.052,nanodrop_4,,
186,Default,5/30/2018,14:34,25.18,0.504,0.304,1.66,0.76,50,230,0.661,-0.076,nanodrop_4,,
199,Default,5/30/2018,14:35,148.09,2.962,1.596,1.86,1.89,50,230,1.57,-0.032,nanodrop_4,,
209,Default,5/30/2018,14:36,36.27,0.725,0.44,1.65,0.94,50,230,0.774,-0.03,nanodrop_4,,
185,Default,5/30/2018,14:36,64.85,1.297,0.736,1.76,1.7,50,230,0.763,-0.055,nanodrop_4,,
222,Default,5/30/2018,14:37,117.75,2.355,1.284,1.83,1.53,50,230,1.539,-0.053,nanodrop_4,,
234,Default,5/30/2018,14:38,34.94,0.699,0.433,1.61,1.08,50,230,0.645,-0.052,nanodrop_4,,
183,Default,5/30/2018,14:39,32.5,0.65,0.407,1.6,1,50,230,0.652,-0.04,nanodrop_4,,
195,Default,5/30/2018,14:39,130.25,2.605,1.424,1.83,1.34,50,230,1.94,-0.037,nanodrop_4,,
182,Default,5/30/2018,14:40,160.91,3.218,1.736,1.85,2.02,50,230,1.593,-0.072,nanodrop_4,,
198,Default,5/30/2018,14:41,26.51,0.53,0.329,1.61,1.23,50,230,0.432,-0.067,nanodrop_4,,
190,Default,5/30/2018,14:41,139.53,2.791,1.505,1.85,1.49,50,230,1.876,-0.059,nanodrop_4,,
178,Default,5/30/2018,14:42,80.62,1.612,0.916,1.76,2.02,50,230,0.798,-0.042,nanodrop_4,,
545,Default,5/30/2018,14:43,26.69,0.534,0.316,1.69,0.6,50,230,0.895,-0.039,nanodrop_4,,
550,Default,5/30/2018,14:43,35.89,0.718,0.402,1.78,0.26,50,230,2.802,-0.055,nanodrop_4,,
544,Default,5/30/2018,14:44,26.16,0.523,0.306,1.71,0.13,50,230,4.095,-0.018,nanodrop_4,,
577,Default,5/30/2018,14:45,56.22,1.124,0.608,1.85,1.07,50,230,1.054,0,nanodrop_4,,
597,Default,5/30/2018,14:45,103.99,2.08,1.14,1.82,1.53,50,230,1.36,-0.018,nanodrop_4,,
565,Default,5/30/2018,14:46,24.03,0.481,0.259,1.86,0.32,50,230,1.499,-0.057,nanodrop_4,,
596,Default,5/30/2018,14:47,40,0.8,0.474,1.69,0.82,50,230,0.981,-0.044,nanodrop_4,,
552,Default,5/30/2018,14:47,140.18,2.804,1.545,1.82,1.43,50,230,1.954,0.081,nanodrop_4,,
620,Default,5/30/2018,14:48,66.36,1.327,0.761,1.74,1.76,50,230,0.756,0.001,nanodrop_4,,
609,Default,5/30/2018,14:49,89.05,1.781,0.977,1.82,1.95,50,230,0.912,-0.031,nanodrop_4,,
579,Default,5/30/2018,14:49,25.61,0.512,0.303,1.69,0.77,50,230,0.664,-0.026,nanodrop_4,,
555,Default,5/30/2018,14:50,73.33,1.467,0.839,1.75,0.82,50,230,1.795,-0.031,nanodrop_4,,
587,Default,5/30/2018,14:50,14.47,0.289,0.192,1.51,0.19,50,230,1.508,-0.054,nanodrop_4,,
602,Default,5/30/2018,14:51,57.19,1.144,0.652,1.75,1.97,50,230,0.581,-0.061,nanodrop_4,,
593,Default,5/30/2018,14:52,5.1,0.102,0.091,1.12,0.03,50,230,3.042,-0.057,nanodrop_4,,
606,Default,5/30/2018,14:52,49.23,0.985,0.551,1.79,1.88,50,230,0.525,-0.065,nanodrop_4,,
433,Default,5/30/2018,14:53,107.16,2.143,1.185,1.81,1.77,50,230,1.209,0.008,nanodrop_4,,
417,Default,5/30/2018,14:54,47.17,0.943,0.568,1.66,0.08,50,230,12.393,4.491,nanodrop_4,,
282,Default,5/30/2018,14:55,133.48,2.67,1.448,1.84,1.13,50,230,2.365,-0.042,nanodrop_4,,
83,Default,5/30/2018,14:55,140.77,2.815,1.551,1.81,1.56,50,230,1.805,-0.004,nanodrop_4,,
475,Default,5/30/2018,14:56,158.37,3.167,1.741,1.82,2.02,50,230,1.569,-0.038,nanodrop_4,,
464,Default,5/30/2018,14:57,161.59,3.232,1.779,1.82,2.01,50,230,1.61,0.011,nanodrop_4,,
538,Default,5/30/2018,14:57,144.46,2.889,1.566,1.84,1.14,50,230,2.542,-0.039,nanodrop_4,,
299,Default,5/30/2018,14:58,172.86,3.457,1.88,1.84,1.99,50,230,1.736,-0.035,nanodrop_4,,
495,Default,5/30/2018,14:59,119.98,2.4,1.331,1.8,1.85,50,230,1.295,-0.041,nanodrop_4,,
462,Default,5/30/2018,14:59,201.49,4.03,2.167,1.86,1.75,50,230,2.301,-0.025,nanodrop_4,,
462.2,Default,5/30/2018,15:00,211.45,4.229,2.29,1.85,1.76,50,230,2.397,-0.031,nanodrop_4,,
271,Default,5/30/2018,15:01,254.92,5.098,2.771,1.84,1.94,50,230,2.626,0.029,nanodrop_4,,
271.2,Default,5/30/2018,15:03,249.03,4.981,2.698,1.85,1.97,50,230,2.525,-0.007,nanodrop_4,,
73,Default,5/30/2018,15:05,221.64,4.433,2.39,1.85,1.43,50,230,3.091,-0.031,nanodrop_4,,
73.2,Default,5/30/2018,15:06,247.01,4.94,2.86,1.73,0.86,50,230,5.761,16.419,nanodrop_4,,
295,Default,5/30/2018,15:07,250.26,5.005,2.693,1.86,2.11,50,230,2.374,-0.007,nanodrop_4,,
188.2,Default,5/30/2018,15:08,114.14,2.283,1.252,1.82,0.92,50,230,2.478,-0.068,nanodrop_4,,
537,Default,5/30/2018,15:10,163.11,3.262,1.809,1.8,1.76,50,230,1.856,0.009,nanodrop_4,,
426,Default,5/30/2018,15:10,76.99,1.54,0.865,1.78,1.53,50,230,1.007,-0.025,nanodrop_4,,
524,Default,5/30/2018,15:11,311.92,6.238,3.386,1.84,2.03,50,230,3.078,0.007,nanodrop_4,,
502,Default,5/30/2018,15:12,170.02,3.4,1.866,1.82,1.47,50,230,2.307,0.056,nanodrop_4,,
486,Default,5/30/2018,15:12,274.32,5.486,2.948,1.86,2.2,50,230,2.489,0.011,nanodrop_4,,
461,Default,5/30/2018,15:13,121.86,2.437,1.323,1.84,1.57,50,230,1.556,-0.039,nanodrop_4,,
446,Default,5/30/2018,15:14,131.44,2.629,1.408,1.87,1.66,50,230,1.586,-0.033,nanodrop_4,,
490,Default,5/30/2018,15:15,23.52,0.47,0.267,1.76,1.21,50,230,0.39,-0.076,nanodrop_4,,
286,Default,5/30/2018,15:15,155.7,3.114,1.703,1.83,1.23,50,230,2.524,-0.178,nanodrop_4,,
466,Default,5/30/2018,15:16,142.59,2.852,1.555,1.83,0.91,50,230,3.129,-0.037,nanodrop_4,,
494,Default,5/30/2018,15:17,87.59,1.752,0.983,1.78,2.05,50,230,0.856,-0.056,nanodrop_4,,
448,Default,5/30/2018,15:17,96.04,1.921,1.038,1.85,1.58,50,230,1.213,-0.082,nanodrop_4,,
455,Default,5/30/2018,15:18,165.74,3.315,1.802,1.84,0.61,50,230,5.405,-0.053,nanodrop_4,,
293,Default,5/30/2018,15:19,93.81,1.876,1.028,1.83,0.22,50,230,8.405,-0.061,nanodrop_4,,
434,Default,5/30/2018,15:19,162,3.24,1.773,1.83,1.96,50,230,1.65,-0.085,nanodrop_4,,
468,Default,5/30/2018,15:20,162.7,3.254,1.759,1.85,2.1,50,230,1.548,-0.045,nanodrop_4,,
430,Default,5/30/2018,15:21,17.99,0.36,0.218,1.65,1.1,50,230,0.328,-0.054,nanodrop_4,,
437,Default,5/30/2018,15:21,68.58,1.372,0.778,1.76,1.77,50,230,0.776,-0.037,nanodrop_4,,
298,Default,5/30/2018,15:22,18.8,0.376,0.228,1.65,1.16,50,230,0.325,-0.053,nanodrop_4,,
442,Default,5/30/2018,15:23,44.94,0.899,0.498,1.8,2,50,230,0.449,-0.068,nanodrop_4,,
267,Default,5/30/2018,15:23,144.61,2.892,1.535,1.88,2.31,50,230,1.254,-0.068,nanodrop_4,,
279,Default,5/30/2018,15:24,126.07,2.521,1.36,1.85,1.56,50,230,1.612,-0.088,nanodrop_4,,
418,Default,5/30/2018,15:25,104.71,2.094,1.154,1.81,2.16,50,230,0.968,-0.074,nanodrop_4,,
265,Default,5/30/2018,15:25,157.31,3.146,1.704,1.85,2.25,50,230,1.398,-0.047,nanodrop_4,,
498,Default,5/30/2018,15:26,182.28,3.646,1.976,1.84,2.08,50,230,1.749,-0.051,nanodrop_4,,
462,Default,5/30/2018,15:27,114.81,2.296,1.25,1.84,2.27,50,230,1.013,-0.082,nanodrop_4,,
307,Default,5/30/2018,15:27,57.69,1.154,0.634,1.82,2.34,50,230,0.492,-0.069,nanodrop_4,,
275,Default,5/30/2018,15:28,137.23,2.745,1.514,1.81,2.28,50,230,1.204,-0.077,nanodrop_4,,
479,Default,5/30/2018,15:29,92.74,1.855,0.999,1.86,2.25,50,230,0.824,-0.082,nanodrop_4,,
283,Default,5/30/2018,15:29,29.68,0.594,0.366,1.62,1.47,50,230,0.403,-0.014,nanodrop_4,,
459,Default,5/30/2018,15:30,88.45,1.769,0.987,1.79,1.73,50,230,1.02,-0.053,nanodrop_4,,
443,Default,5/30/2018,15:31,76.82,1.536,0.846,1.82,2.2,50,230,0.7,-0.055,nanodrop_4,,
482,Default,5/30/2018,15:31,56.5,1.13,0.64,1.77,2.11,50,230,0.535,-0.065,nanodrop_4,,
499,Default,5/30/2018,15:32,208.88,4.178,2.257,1.85,2.31,50,230,1.812,-0.062,nanodrop_4,,
470,Default,5/30/2018,15:33,68.02,1.36,0.758,1.8,1.45,50,230,0.939,-0.081,nanodrop_4,,
429,Default,5/30/2018,15:34,204.42,4.088,2.255,1.81,1.33,50,230,3.071,-0.068,nanodrop_4,,
284,Default,5/30/2018,15:34,70.03,1.401,0.772,1.81,0.43,50,230,3.257,-0.07,nanodrop_4,,
296,Default,5/30/2018,15:35,50.28,1.006,0.575,1.75,1.14,50,230,0.883,-0.036,nanodrop_4,,
485,Default,5/30/2018,15:36,66.65,1.333,0.743,1.79,0.92,50,230,1.447,-0.065,nanodrop_4,,
474,Default,5/30/2018,15:36,217.45,4.349,2.343,1.86,2.23,50,230,1.951,-0.042,nanodrop_4,,
259,Default,5/30/2018,15:37,211.16,4.223,2.304,1.83,2.07,50,230,2.044,-0.008,nanodrop_4,,
460,Default,5/30/2018,15:38,43.27,0.865,0.492,1.76,0.56,50,230,1.555,-0.05,nanodrop_4,,
480,Default,5/30/2018,15:39,93.56,1.871,1.019,1.84,1.31,50,230,1.425,-0.081,nanodrop_4,,
428,Default,5/30/2018,15:39,39.52,0.79,0.46,1.72,0.72,50,230,1.105,-0.068,nanodrop_4,,
467,Default,5/30/2018,15:40,109.46,2.189,1.189,1.84,1.62,50,230,1.347,-0.098,nanodrop_4,,
413,Default,5/30/2018,15:41,123.59,2.472,1.311,1.88,1.17,50,230,2.107,-0.076,nanodrop_4,,
440,Default,5/30/2018,15:42,101.63,2.033,1.122,1.81,0.8,50,230,2.53,-0.156,nanodrop_4,,
469,Default,5/30/2018,15:42,94.15,1.883,1.054,1.79,1.75,50,230,1.074,-0.028,nanodrop_4,,
431,Default,5/30/2018,15:43,100.9,2.018,1.105,1.83,0.98,50,230,2.05,-0.05,nanodrop_4,,
439,Default,5/30/2018,15:44,104.66,2.093,1.161,1.8,1.16,50,230,1.798,-0.045,nanodrop_4,,
432,Default,5/30/2018,15:44,58.83,1.177,0.675,1.74,0.55,50,230,2.121,-0.036,nanodrop_4,,
82,Default,5/30/2018,15:45,90.84,1.817,1.044,1.74,0.86,50,230,2.108,0.08,nanodrop_4,,
454,Default,5/30/2018,15:46,130.02,2.6,1.403,1.85,2.07,50,230,1.256,-0.045,nanodrop_4,,
487,Default,5/30/2018,15:46,38.19,0.764,0.435,1.76,1.28,50,230,0.595,-0.086,nanodrop_4,,
189,Default,5/30/2018,15:47,156.56,3.131,1.716,1.82,2.22,50,230,1.413,-0.059,nanodrop_4,,
62,Default,5/30/2018,15:48,135.67,2.713,1.473,1.84,1.47,50,230,1.841,-0.064,nanodrop_4,,
22,Default,5/30/2018,15:48,98.36,1.967,1.106,1.78,2.08,50,230,0.944,-0.063,nanodrop_4,,
88,Default,5/30/2018,15:49,111.36,2.227,1.227,1.82,2.06,50,230,1.083,0.008,nanodrop_4,,
85,Default,5/30/2018,15:49,135.29,2.706,1.476,1.83,1.76,50,230,1.542,-0.068,nanodrop_4,,
196,Default,5/30/2018,15:50,145.45,2.909,1.581,1.84,2.03,50,230,1.43,-0.059,nanodrop_4,,
184,Default,5/30/2018,15:51,170.62,3.412,1.854,1.84,2.18,50,230,1.564,0.013,nanodrop_4,,
492,Default,5/30/2018,15:51,100.67,2.013,1.112,1.81,1.18,50,230,1.711,-0.002,nanodrop_4,,
291,Default,5/30/2018,15:52,57.1,1.142,0.629,1.82,0.47,50,230,2.426,-0.069,nanodrop_4,,
416,Default,5/30/2018,15:53,89.53,1.791,0.991,1.81,0.91,50,230,1.97,-0.071,nanodrop_4,,
444,Default,5/30/2018,15:54,46.01,0.92,0.534,1.72,0.68,50,230,1.353,-0.052,nanodrop_4,,
459,Default,5/30/2018,15:54,163.85,3.277,1.772,1.85,2.34,50,230,1.403,-0.069,nanodrop_4,,
500,Default,5/30/2018,15:55,39.64,0.793,0.42,1.89,2.42,50,230,0.328,-0.061,nanodrop_4,,
500,Default,5/30/2018,15:56,110.55,2.211,1.192,1.85,2.25,50,230,0.981,-0.071,nanodrop_4,,
450,Default,5/30/2018,15:56,105.25,2.105,1.151,1.83,2.32,50,230,0.906,-0.068,nanodrop_4,,
422,Default,5/30/2018,15:57,12.94,0.259,0.151,1.72,2.58,50,230,0.1,-0.065,nanodrop_4,,
488,Default,5/30/2018,15:58,64.97,1.299,0.712,1.82,1.91,50,230,0.681,-0.101,nanodrop_4,,
476,Default,5/30/2018,15:59,68.4,1.368,0.76,1.8,1.55,50,230,0.881,-0.027,nanodrop_4,,
294,Default,5/30/2018,15:59,53.58,1.072,0.603,1.78,1.8,50,230,0.597,-0.078,nanodrop_4,,
425,Default,5/30/2018,16:00,50.78,1.016,0.575,1.76,1.48,50,230,0.688,-0.058,nanodrop_4,,
491,Default,5/30/2018,16:01,124.21,2.484,1.346,1.85,2.24,50,230,1.111,-0.076,nanodrop_4,,
427,Default,5/30/2018,16:01,148.85,2.977,1.625,1.83,2,50,230,1.491,-0.09,nanodrop_4,,
423,Default,5/30/2018,16:02,66.17,1.323,0.716,1.85,0.32,50,230,4.175,-0.081,nanodrop_4,,
87,Default,5/30/2018,16:03,214.43,4.289,2.319,1.85,2.08,50,230,2.066,-0.056,nanodrop_4,,
276,Default,5/30/2018,16:04,205.78,4.116,2.212,1.86,2.03,50,230,2.025,-0.052,nanodrop_4,,
452,Default,5/30/2018,16:05,217.5,4.35,2.356,1.85,2.17,50,230,2.003,-0.004,nanodrop_4,,
469,Default,5/30/2018,16:05,90.01,1.8,0.992,1.81,0.28,50,230,6.436,-0.058,nanodrop_4,,
421,Default,5/30/2018,16:06,0.82,0.016,0.01,1.7,0.05,50,230,0.304,-0.093,nanodrop_4,,
512,Default,5/30/2018,16:07,232.3,4.646,2.509,1.85,2.06,50,230,2.252,-0.075,nanodrop_4,,
436,Default,5/30/2018,16:07,132.78,2.656,1.451,1.83,1.65,50,230,1.614,-0.081,nanodrop_4,,
520,Default,5/30/2018,16:08,92.71,1.854,1.012,1.83,1.82,50,230,1.017,-0.057,nanodrop_4,,
540,Default,5/30/2018,16:09,388.55,7.771,4.237,1.83,0.88,50,230,8.843,-0.085,nanodrop_4,,
264,Default,5/30/2018,16:09,62.28,1.246,0.692,1.8,0.34,50,230,3.688,-0.088,nanodrop_4,,
530,Default,5/30/2018,16:10,102.25,2.045,1.131,1.81,1.59,50,230,1.283,-0.313,nanodrop_4,,
458,Default,5/30/2018,16:11,120.12,2.402,1.306,1.84,2.02,50,230,1.187,0.006,nanodrop_4,,
412,Default,5/30/2018,16:11,12.18,0.244,0.15,1.62,0.79,50,230,0.31,-0.045,nanodrop_4,,
511,Default,5/30/2018,16:12,152.88,3.058,1.683,1.82,1.84,50,230,1.663,-0.055,nanodrop_4,,
438,Default,5/30/2018,16:13,67.44,1.349,0.753,1.79,0.79,50,230,1.71,-0.084,nanodrop_4,,
519,Default,5/30/2018,16:13,103.09,2.062,1.117,1.85,0.49,50,230,4.194,-0.038,nanodrop_4,,
508,Default,5/30/2018,16:14,257.86,5.157,2.783,1.85,2.05,50,230,2.512,-0.057,nanodrop_4,,
460,Default,5/30/2018,16:15,47.18,0.944,0.544,1.73,0.83,50,230,1.137,-0.085,nanodrop_4,,
515,Default,5/30/2018,16:15,7.59,0.152,0.092,1.65,0.42,50,230,0.36,-0.001,nanodrop_4,,
517,Default,5/30/2018,16:16,129.84,2.597,1.442,1.8,1.34,50,230,1.932,0.211,nanodrop_4,,
534,Default,5/30/2018,16:16,108.61,2.172,1.176,1.85,1.82,50,230,1.19,-0.07,nanodrop_4,,
225,Default,5/30/2018,16:17,219.14,4.383,2.37,1.85,1.69,50,230,2.6,-0.05,nanodrop_4,,
221,Default,5/30/2018,16:18,55.72,1.114,0.61,1.83,1.34,50,230,0.831,-0.076,nanodrop_4,,
449,Default,5/30/2018,16:18,73.97,1.479,0.844,1.75,1.34,50,230,1.104,-0.043,nanodrop_4,,
496,Default,5/30/2018,16:19,88.12,1.762,0.986,1.79,1.98,50,230,0.891,-0.068,nanodrop_4,,
290,Default,5/30/2018,16:20,43.48,0.87,0.512,1.7,1.48,50,230,0.586,-0.04,nanodrop_4,,
203,Default,5/30/2018,16:20,303.27,6.065,3.281,1.85,1.8,50,230,3.367,-0.045,nanodrop_4,,
536,Default,5/30/2018,16:21,72.64,1.453,0.798,1.82,1.77,50,230,0.821,-0.071,nanodrop_4,,
532,Default,5/30/2018,16:21,139.08,2.782,1.505,1.85,2.06,50,230,1.353,-0.07,nanodrop_4,,
277,Default,5/30/2018,16:22,108.68,2.174,1.199,1.81,1.27,50,230,1.707,-0.034,nanodrop_4,,
514,Default,5/30/2018,16:23,242.32,4.846,2.611,1.86,2.06,50,230,2.351,-0.025,nanodrop_4,,
483,Default,5/30/2018,16:23,108.3,2.166,1.209,1.79,1.93,50,230,1.121,-0.053,nanodrop_4,,
181,Default,5/30/2018,16:24,194.88,3.898,2.1,1.86,2.23,50,230,1.746,-0.063,nanodrop_4,,
59,Default,5/30/2018,16:25,156.54,3.131,1.72,1.82,1.88,50,230,1.665,-0.055,nanodrop_4,,
84,Default,5/30/2018,16:25,63.38,1.268,0.739,1.72,1.4,50,230,0.903,0.023,nanodrop_4,,
100,Default,5/30/2018,16:26,103.45,2.069,1.157,1.79,1.71,50,230,1.21,0.052,nanodrop_4,,
74,Default,5/30/2018,16:27,211.55,4.231,2.271,1.86,0.86,50,230,4.935,-0.049,nanodrop_4,,
522,Default,5/30/2018,16:27,15.59,0.312,0.193,1.61,0.39,50,230,0.79,-0.089,nanodrop_4,,
208,Default,5/30/2018,16:28,194.67,3.893,2.123,1.83,1.68,50,230,2.322,-0.026,nanodrop_4,,
220,Default,5/30/2018,16:28,77.07,1.541,0.862,1.79,1.5,50,230,1.029,-0.065,nanodrop_4,,
415,Default,5/30/2018,16:29,104.9,2.098,1.196,1.75,1.78,50,230,1.178,0.037,nanodrop_4,,
69,Default,5/30/2018,16:30,107.21,2.144,1.199,1.79,1.82,50,230,1.18,-0.02,nanodrop_4,,
6,Default,5/30/2018,16:30,97.26,1.945,1.084,1.8,1.58,50,230,1.234,-0.034,nanodrop_4,,
95,Default,5/30/2018,16:31,106.34,2.127,1.152,1.85,1.18,50,230,1.807,-0.02,nanodrop_4,,
179,Default,5/30/2018,16:31,78.48,1.57,0.861,1.82,1.52,50,230,1.033,-0.063,nanodrop_4,,
521,Default,5/30/2018,16:32,96.85,1.937,1.089,1.78,1.29,50,230,1.504,-0.004,nanodrop_4,,
518,Default,5/30/2018,16:33,88.33,1.767,0.979,1.8,0.97,50,230,1.817,-0.064,nanodrop_4,,
516,Default,5/30/2018,16:33,97.05,1.941,1.072,1.81,1.86,50,230,1.043,-0.091,nanodrop_4,,
541,,,,57.79,,,1.96,0.14,,,,,nanodrop_3,,
542,,,,67.32,,,1.99,1.76,,,,,nanodrop_3,,
543,,,,117.72,,,1.92,1.93,,,,,nanodrop_3,,
546,,,,64.75,,,1.87,0.89,,,,,nanodrop_3,,
548,,,,76.22,,,1.93,1.79,,,,,nanodrop_3,,
549,,,,87.72,,,1.85,1.1,,,,,nanodrop_3,,
551,,,,187.11,,,1.92,1.96,,,,,nanodrop_3,,
553,,,,102.4,,,1.92,1.08,,,,,nanodrop_3,,
554,,,,152.7,,,1.87,1.49,,,,,nanodrop_3,,
556,,,,66.3,,,1.96,1.45,,,,,nanodrop_3,,
557,,,,78.1,,,1.89,1,,,,,nanodrop_3,,
558,,,,157.59,,,1.91,1.5,,,,,nanodrop_3,,
559,,,,103.58,,,1.9,1.39,,,,,nanodrop_3,,
560,,,,102.86,,,1.89,1.59,,,,,nanodrop_3,,
562,,,,223.42,,,1.86,1.29,,,,,nanodrop_3,,
564,,,,88.72,,,1.89,1.23,,,,,nanodrop_3,,
566,,,,114.03,,,1.93,1.81,,,,,nanodrop_3,,
567,,,,203.64,,,1.91,1.28,,,,,nanodrop_3,,
568,,,,150.8,,,1.88,0.93,,,,,nanodrop_3,,
569,,,,287.03,,,1.91,2.12,,,,,nanodrop_3,,
570,,,,159.72,,,1.89,1.87,,,,,nanodrop_3,,
571,,,,35.84,,,1.98,0.81,,,,,nanodrop_3,,
572,,,,330.49,,,1.92,2.1,,,,,nanodrop_3,,
573,,,,157.51,,,1.88,1.38,,,,,nanodrop_3,,
574,,,,122.71,,,1.91,0.38,,,,,nanodrop_3,,
575,,,,101.29,,,1.91,1.34,,,,,nanodrop_3,,
576,,,,191.51,,,1.89,2.18,,,,,nanodrop_3,,
578,,,,268.51,,,1.89,1.96,,,,,nanodrop_3,,
580,,,,219.81,,,1.93,1.62,,,,,nanodrop_3,,
582,,,,49.95,,,1.97,0.63,,,,,nanodrop_3,,
583,,,,62.45,,,1.98,0.81,,,,,nanodrop_3,,
584,,,,193.14,,,1.74,0.36,,,,,nanodrop_3,,
585,,,,80.37,,,1.93,0.51,,,,,nanodrop_3,,
586,,,,59.42,,,1.97,1.63,,,,,nanodrop_3,,
588,,,,51.22,,,2.01,1.49,,,,,nanodrop_3,,
589,,,,29.71,,,1.98,0.6,,,,,nanodrop_3,,
590,,,,31.97,,,1.84,0.7,,,,,nanodrop_3,,
592,,,,191.85,,,1.93,2.07,,,,,nanodrop_3,,
594,,,,138.28,,,1.95,1.91,,,,,nanodrop_3,,
595,,,,53.29,,,1.63,0.94,,,,,nanodrop_3,,
598,,,,25.39,,,2.12,0.88,,,,,nanodrop_3,,
599,,,,87.86,,,1.67,0.91,,,,,nanodrop_3,,
600,,,,88.51,,,1.56,0.14,,,,,nanodrop_3,,
601,,,,22.75,,,1.76,1.01,,,,,nanodrop_3,,
603,,,,114.47,,,1.9,1.68,,,,,nanodrop_3,,
604,,,,53.45,,,1.96,1.17,,,,,nanodrop_3,,
605,,,,18.29,,,1.67,0.48,,,,,nanodrop_3,,
607,,,,43.67,,,3,0.76,,,,,nanodrop_3,,
608,,,,49.18,,,1.92,1.35,,,,,nanodrop_3,,
610,,,,24.93,,,1.98,0.76,,,,,nanodrop_3,,
611,,,,74.04,,,1.93,0.97,,,,,nanodrop_3,,
612,,,,101.85,,,1.9,1.93,,,,,nanodrop_3,,
613,,,,159.65,,,1.91,2.03,,,,,nanodrop_3,,
614,,,,220.62,,,1.9,1.94,,,,,nanodrop_3,,
615,,,,46.7,,,1.81,0.25,,,,,nanodrop_3,,
617,,,,64.57,,,1.87,1.46,,,,,nanodrop_3,,
618,,,,260.31,,,1.92,2.07,,,,,nanodrop_3,,
619,,,,103.66,,,1.91,1.84,,,,,nanodrop_3,,
101b,,,,29.26,,,1.94,0.6,,,,,nanodrop_3,,
103b,,,,31.76,,,1.94,1.2,,,,,nanodrop_3,,
107b,,,,23.37,,,1.81,1.5,,,,,nanodrop_3,,
109b,,,,57.3,,,1.98,1.75,,,,,nanodrop_3,,
113b,,,,6.4,,,2.73,0.68,,,,,nanodrop_3,,
114b,,,,123.76,,,2.18,2.64,,,,,nanodrop_3,,
118b,,,,104.69,,,1.91,1.98,,,,,nanodrop_3,,
121b,,,,33.03,,,1.98,0.37,,,,,nanodrop_3,,
122b,,,,26.46,,,1.68,0.17,,,,,nanodrop_3,,
127b,,,,100.3,,,1.84,1.69,,,,,nanodrop_3,,
130b,,,,45.95,,,2.01,1.51,,,,,nanodrop_3,,
137b,,,,54.28,,,1.92,1.23,,,,,nanodrop_3,,
14b,,,,69.22,,,1.9,1.75,,,,,nanodrop_3,,
152b,,,,52.18,,,1.9,0.67,,,,,nanodrop_3,,
155b,,,,65.48,,,1.92,1.64,,,,,nanodrop_3,,
156b,,,,56.49,,,1.84,1.24,,,,,nanodrop_3,,
159b,,,,-37.18,,,0.64,-0.2,,,,,nanodrop_3,,
165b,,,,173.35,,,1.88,1.47,,,,,nanodrop_3,,
169b,,,,130.76,,,1.93,2.13,,,,,nanodrop_3,,
18b,,,,26.21,,,2.08,1.28,,,,,nanodrop_3,,
202b,,,,43.17,,,2.08,1.92,,,,,nanodrop_3,,
205b,,,,47.85,,,1.79,0.52,,,,,nanodrop_3,,
213b,,,,140.92,,,1.92,1.81,,,,,nanodrop_3,,
236b,,,,32.23,,,1.99,1.17,,,,,nanodrop_3,,
23b,,,,65.01,,,1.86,0.82,,,,,nanodrop_3,,
253b,,,,37.64,,,1.9,0.96,,,,,nanodrop_3,,
254b,,,,18.54,,,1.54,0.12,,,,,nanodrop_3,,
292b,,,,65.83,,,1.88,0.51,,,,,nanodrop_3,,
31b,,,,80.4,,,1.87,0.79,,,,,nanodrop_3,,
34b,,,,68.22,,,1.94,1.06,,,,,nanodrop_3,,
374b,,,,53.22,,,1.87,1.1,,,,,nanodrop_3,,
37b,,,,60.87,,,1.86,1.47,,,,,nanodrop_3,,
38b,,,,54.51,,,1.82,1.03,,,,,nanodrop_3,,
39b,,,,44.79,,,1.77,0.43,,,,,nanodrop_3,,
42b,,,,44.61,,,1.45,0.07,,,,,nanodrop_3,,
435b,,,,65.35,,,1.89,0.93,,,,,nanodrop_3,,
43b,,,,74.36,,,1.96,1.16,,,,,nanodrop_3,,
447b,,,,39.85,,,1.9,0.48,,,,,nanodrop_3,,
463b,,,,33.08,,,2.03,1.72,,,,,nanodrop_3,,
47b,,,,39.94,,,1.95,1.65,,,,,nanodrop_3,,
48b,,,,85.59,,,1.91,1,,,,,nanodrop_3,,
49b,,,,49.3,,,1.99,1.74,,,,,nanodrop_3,,
50b,,,,24.16,,,2.16,0.2,,,,,nanodrop_3,,
51b,,,,38.21,,,1.92,1.79,,,,,nanodrop_3,,
58b,,,,27.8,,,1.96,0.5,,,,,nanodrop_3,,
61b,,,,65.82,,,1.83,0.87,,,,,nanodrop_3,,
63b,,,,184.68,,,1.9,2.01,,,,,nanodrop_3,,
65b,,,,46.72,,,1.97,0.53,,,,,nanodrop_3,,
66b,,,,69.21,,,1.89,0.58,,,,,nanodrop_3,,
67b,,,,125.16,,,1.93,1.8,,,,,nanodrop_3,,
72b,,,,29.15,,,2.05,1.19,,,,,nanodrop_3,,
74b,,,,156.43,,,1.93,1.77,,,,,nanodrop_3,,
77b,,,,18.81,,,2.24,0.2,,,,,nanodrop_3,,
82b,,,,243.89,,,1.92,2.21,,,,,nanodrop_3,,
87b,,,,173.12,,,1.91,2.05,,,,,nanodrop_3,,
89b,,,,13.94,,,1.97,0.18,,,,,nanodrop_3,,
91b,,,,55.8,,,1.96,1.16,,,,,nanodrop_3,,
92b,,,,251.92,,,1.91,1.43,,,,,nanodrop_3,,
93b,,,,18.47,,,2.23,0.43,,,,,nanodrop_3,,
95b,,,,116.97,,,1.91,1.45,,,,,nanodrop_3,,
97b,,,,114.43,,,1.89,0.96,,,,,nanodrop_3,,
9b,,,,100.73,,,1.85,1.06,,,,,nanodrop_3,,
17,Default,4/23/2018,16:31,33.34,0.667,0.373,1.79,1.03,50,230,0.645,0.064,nanodrop_2,,
228,Default,4/23/2018,16:32,3.97,0.079,0.031,2.57,0.05,50,230,1.654,0.039,nanodrop_2,,
215,Default,4/23/2018,16:32,75.57,1.511,0.789,1.92,2,50,230,0.756,0.052,nanodrop_2,,
255,Default,4/23/2018,16:33,219.63,4.393,2.317,1.9,1.93,50,230,2.277,0.035,nanodrop_2,,
16,Default,4/23/2018,16:34,36.67,0.733,0.372,1.97,1.67,50,230,0.438,0.023,nanodrop_2,,
107,Default,4/23/2018,16:34,15.84,0.317,0.171,1.85,0.5,50,230,0.638,0.062,nanodrop_2,,
335,Default,4/23/2018,16:35,44.18,0.884,0.474,1.86,1.01,50,230,0.873,0.12,nanodrop_2,,
297,Default,4/23/2018,16:36,143.03,2.861,1.514,1.89,1.62,50,230,1.77,0.031,nanodrop_2,,
7,Default,4/23/2018,16:36,37.77,0.755,0.393,1.92,1.06,50,230,0.714,0.002,nanodrop_2,,
201,Default,4/23/2018,16:37,15.65,0.313,0.178,1.76,0.97,50,230,0.322,-0.001,nanodrop_2,,
175,Default,4/23/2018,16:38,44.25,0.885,0.487,1.82,1.26,50,230,0.702,0.102,nanodrop_2,,
308,Default,4/23/2018,16:38,66.03,1.321,0.7,1.89,1.71,50,230,0.772,0.062,nanodrop_2,,
217,Default,4/23/2018,16:39,113.51,2.27,1.209,1.88,1.59,50,230,1.431,0.104,nanodrop_2,,
26,Default,4/23/2018,16:40,30.26,0.605,0.321,1.89,1.5,50,230,0.402,0.007,nanodrop_2,,
200,Default,4/23/2018,16:40,15.49,0.31,0.175,1.77,0.67,50,230,0.463,0.057,nanodrop_2,,
200,Default,4/23/2018,16:41,30.64,0.613,0.327,1.87,1.18,50,230,0.519,0.002,nanodrop_2,,
212,Default,4/23/2018,16:42,72.6,1.452,0.784,1.85,1.17,50,230,1.245,0.129,nanodrop_2,,
287,Default,4/23/2018,16:43,128.65,2.573,1.361,1.89,1.77,50,230,1.454,0.148,nanodrop_2,,
207,Default,4/23/2018,16:43,20.88,0.418,0.216,1.93,1.19,50,230,0.352,0.003,nanodrop_2,,
273,Default,4/23/2018,16:44,160.65,3.213,1.677,1.92,2.21,50,230,1.454,0.005,nanodrop_2,,
376,Default,4/23/2018,16:44,23.87,0.477,0.275,1.74,0.6,50,230,0.794,0.167,nanodrop_2,,
337,Default,4/23/2018,16:45,55.08,1.102,0.584,1.89,1.05,50,230,1.051,0.034,nanodrop_2,,
257,Default,4/23/2018,16:45,247.34,4.947,2.604,1.9,1.81,50,230,2.733,0.06,nanodrop_2,,
218,Default,4/23/2018,16:46,22.04,0.441,0.207,2.12,0.27,50,230,1.657,0.008,nanodrop_2,,
288,Default,4/23/2018,16:47,35.23,0.705,0.36,1.96,0.79,50,230,0.896,-0.004,nanodrop_2,,
539,Default,4/23/2018,16:47,83.08,1.662,0.873,1.9,0.7,50,230,2.382,0.039,nanodrop_2,,
35,Default,4/23/2018,16:48,47.45,0.949,0.501,1.89,0.79,50,230,1.207,0.007,nanodrop_2,,
270,Default,4/23/2018,16:48,129.61,2.592,1.359,1.91,1.91,50,230,1.357,0.043,nanodrop_2,,
19,Default,4/23/2018,16:49,122.79,2.456,1.275,1.93,2.23,50,230,1.102,-0.013,nanodrop_2,,
471,Default,4/23/2018,16:50,68.54,1.371,0.721,1.9,1.01,50,230,1.351,0.042,nanodrop_2,,
268,Default,4/23/2018,16:50,41.91,0.838,0.43,1.95,1.23,50,230,0.684,0.001,nanodrop_2,,
24,Default,4/23/2018,16:51,106.47,2.129,1.129,1.89,1.93,50,230,1.106,0.04,nanodrop_2,,
313,Default,4/23/2018,16:51,27.29,0.546,0.278,1.96,0.72,50,230,0.76,-0.004,nanodrop_2,,
472,Default,4/23/2018,16:52,62.98,1.26,0.655,1.92,0.39,50,230,3.206,0.001,nanodrop_2,,
489,Default,4/23/2018,17:17,96.32,1.926,1.005,1.92,1.03,50,230,1.876,0.047,nanodrop_2,,
489.2,Default,4/23/2018,17:18,52.52,1.05,0.548,1.92,1.13,50,230,0.93,0.029,nanodrop_2,,
192,Default,4/23/2018,17:18,69.65,1.393,0.727,1.92,1.84,50,230,0.757,0.02,nanodrop_2,,
33,Default,4/23/2018,17:19,2.1,0.042,0.006,7.15,0.17,50,230,0.25,-0.003,nanodrop_2,,
501,Default,4/23/2018,17:20,63.64,1.273,0.645,1.97,2.14,50,230,0.595,0.015,nanodrop_2,,
497,Default,4/23/2018,17:20,54.78,1.096,0.556,1.97,0.34,50,230,3.236,0.008,nanodrop_2,,
36,Default,4/23/2018,17:21,48.03,0.961,0.491,1.96,1.89,50,230,0.508,0.016,nanodrop_2,,
141,Default,4/23/2018,17:21,110.94,2.219,1.18,1.88,1.65,50,230,1.342,0.04,nanodrop_2,,
129,Default,4/23/2018,17:22,162.12,3.242,1.725,1.88,2.02,50,230,1.604,0.767,nanodrop_2,,
137,Default,4/23/2018,17:23,26.34,0.527,0.289,1.82,0.9,50,230,0.583,0.029,nanodrop_2,,
446,Default,4/23/2018,17:23,128.18,2.564,1.326,1.93,1.68,50,230,1.525,0.015,nanodrop_2,,
433,Default,4/23/2018,17:24,103.81,2.076,1.092,1.9,1.8,50,230,1.153,0.063,nanodrop_2,,
538,Default,4/23/2018,17:25,140.5,2.81,1.476,1.9,1.16,50,230,2.428,0.012,nanodrop_2,,
537,Default,4/23/2018,17:25,161.15,3.223,1.713,1.88,1.76,50,230,1.827,0.049,nanodrop_2,,
448,Default,4/23/2018,17:26,94.21,1.884,0.979,1.92,1.58,50,230,1.196,0.001,nanodrop_2,,
442,Default,4/23/2018,17:26,49.22,0.984,0.508,1.94,1.81,50,230,0.543,0.005,nanodrop_2,,
275,Default,4/23/2018,17:27,138.55,2.771,1.472,1.88,2.18,50,230,1.273,0.006,nanodrop_2,,
429,Default,4/23/2018,17:27,200.8,4.016,2.165,1.86,1.33,50,230,3.025,0.046,nanodrop_2,,
426,Default,4/23/2018,17:28,71.73,1.435,0.725,1.98,1.53,50,230,0.938,0.001,nanodrop_2,,
417,Default,4/23/2018,17:29,34.84,0.697,0.357,1.95,0.06,50,230,12.594,0.659,nanodrop_2,,
299,Default,4/23/2018,17:29,171.5,3.43,1.795,1.91,1.95,50,230,1.761,0.015,nanodrop_2,,
295,Default,4/23/2018,17:30,242.67,4.853,2.552,1.9,2.11,50,230,2.304,0.016,nanodrop_2,,
455,Default,4/23/2018,17:30,165.02,3.3,1.735,1.9,0.63,50,230,5.244,0.01,nanodrop_2,,
267,Default,4/23/2018,17:31,174.78,3.496,1.821,1.92,2.21,50,230,1.584,-0.003,nanodrop_2,,
479,Default,4/23/2018,17:32,91.44,1.829,0.946,1.93,2.16,50,230,0.847,-0.006,nanodrop_2,,
284,Default,4/23/2018,17:32,71.24,1.425,0.741,1.92,0.44,50,230,3.217,-0.007,nanodrop_2,,
524,Default,4/23/2018,17:33,322.87,6.457,3.432,1.88,1.92,50,230,3.364,0.19,nanodrop_2,,
282,Default,4/23/2018,17:33,164.42,3.288,1.717,1.92,1.29,50,230,2.557,-0.013,nanodrop_2,,
271,Default,4/23/2018,17:34,241.32,4.826,2.523,1.91,2,50,230,2.411,0.011,nanodrop_2,,
428,Default,4/23/2018,17:35,38.43,0.769,0.41,1.87,0.69,50,230,1.11,-0.004,nanodrop_2,,
293,Default,4/23/2018,17:35,95.02,1.9,0.983,1.93,0.23,50,230,8.193,0.005,nanodrop_2,,
279,Default,4/23/2018,17:36,122.4,2.448,1.301,1.88,1.53,50,230,1.605,-0.021,nanodrop_2,,
283,Default,4/23/2018,17:36,31.5,0.63,0.339,1.86,1.31,50,230,0.482,0.058,nanodrop_2,,
296,Default,4/23/2018,17:37,50.08,1.002,0.546,1.83,1.09,50,230,0.915,0.055,nanodrop_2,,
502,Default,4/23/2018,17:37,160.35,3.207,1.697,1.89,1.52,50,230,2.107,0.01,nanodrop_2,,
83,Default,4/23/2018,17:38,140.81,2.816,1.465,1.92,1.58,50,230,1.783,0.014,nanodrop_2,,
73,Default,4/23/2018,17:39,232.37,4.647,2.436,1.91,1.49,50,230,3.122,0.035,nanodrop_2,,
467,Default,4/23/2018,17:39,112.23,2.245,1.166,1.93,1.61,50,230,1.396,-0.021,nanodrop_2,,
434,Default,4/23/2018,17:40,166.73,3.335,1.75,1.91,1.96,50,230,1.704,-0.022,nanodrop_2,,
418,Default,4/23/2018,17:40,107.43,2.149,1.116,1.93,2.14,50,230,1.006,0.002,nanodrop_2,,
459,Default,4/23/2018,17:41,73.56,1.471,0.758,1.94,1.6,50,230,0.921,-0.011,nanodrop_2,,
485,Default,4/23/2018,17:42,59.49,1.19,0.613,1.94,0.85,50,230,1.399,-0.009,nanodrop_2,,
486,Default,4/23/2018,17:42,264.39,5.288,2.776,1.91,2.21,50,230,2.394,0.002,nanodrop_2,,
475,Default,4/23/2018,17:43,146.71,2.934,1.526,1.92,2.02,50,230,1.455,0.003,nanodrop_2,,
495,Default,4/23/2018,17:43,116.81,2.336,1.242,1.88,1.83,50,230,1.278,-0.003,nanodrop_2,,
490,Default,4/23/2018,17:44,23.46,0.469,0.229,2.05,1.11,50,230,0.424,-0.012,nanodrop_2,,
468,Default,4/23/2018,17:44,192.06,3.841,2,1.92,2.08,50,230,1.849,0.046,nanodrop_2,,
265,Default,4/23/2018,17:45,171.53,3.431,1.779,1.93,2.19,50,230,1.564,0.016,nanodrop_2,,
265,Default,4/23/2018,17:45,82.59,1.652,0.858,1.93,2.11,50,230,0.782,0.002,nanodrop_2,,
474,Default,4/23/2018,17:46,215.12,4.302,2.239,1.92,2.2,50,230,1.958,0.004,nanodrop_2,,
461,Default,4/23/2018,17:47,123.99,2.48,1.277,1.94,1.53,50,230,1.617,0.05,nanodrop_2,,
464,Default,4/23/2018,17:47,157.51,3.15,1.649,1.91,2.06,50,230,1.527,-0.086,nanodrop_2,,
462,Default,4/23/2018,17:48,209.67,4.193,2.211,1.9,1.78,50,230,2.352,0.018,nanodrop_2,,
286,Default,4/23/2018,17:49,173.08,3.462,1.829,1.89,1.6,50,230,2.161,0.011,nanodrop_2,,
286,Default,4/23/2018,17:49,21.83,0.437,0.214,2.04,1.02,50,230,0.43,0.025,nanodrop_2,,
430,Default,4/23/2018,17:50,19.85,0.397,0.224,1.77,1.01,50,230,0.394,0.025,nanodrop_2,,
498,Default,4/23/2018,17:50,177.32,3.546,1.856,1.91,2.04,50,230,1.74,0.014,nanodrop_2,,
482,Default,4/23/2018,17:51,58.74,1.175,0.591,1.99,2.03,50,230,0.578,0.004,nanodrop_2,,
259,Default,4/23/2018,17:52,210.33,4.207,2.206,1.91,2.05,50,230,2.047,0.021,nanodrop_2,,
431,Default,4/23/2018,17:52,105.85,2.117,1.156,1.83,0.97,50,230,2.193,0.028,nanodrop_2,,
469,Default,4/23/2018,17:53,96.22,1.924,1.022,1.88,1.71,50,230,1.122,0.089,nanodrop_2,,
432,Default,4/23/2018,17:53,60.66,1.213,0.652,1.86,0.56,50,230,2.151,0.02,nanodrop_2,,
466,Default,4/23/2018,17:54,138.94,2.779,1.442,1.93,0.92,50,230,3.02,0.008,nanodrop_2,,
437,Default,4/23/2018,17:54,67.64,1.353,0.727,1.86,1.71,50,230,0.791,0.04,nanodrop_2,,
462,Default,4/23/2018,17:55,107.3,2.146,1.092,1.96,2.18,50,230,0.984,-0.013,nanodrop_2,,
499,Default,4/23/2018,17:56,194.74,3.895,2.013,1.93,2.26,50,230,1.722,0.002,nanodrop_2,,
460,Default,4/23/2018,17:56,42.27,0.845,0.445,1.9,0.57,50,230,1.496,-0.083,nanodrop_2,,
439,Default,4/23/2018,17:57,109.92,2.198,1.143,1.92,1.18,50,230,1.869,0.015,nanodrop_2,,
413,Default,4/23/2018,17:57,127.76,2.555,1.325,1.93,1.17,50,230,2.183,-0.002,nanodrop_2,,
440,Default,4/23/2018,17:58,105.58,2.112,1.099,1.92,0.82,50,230,2.561,-0.009,nanodrop_2,,
494,Default,4/23/2018,17:58,87.16,1.743,0.895,1.95,2.02,50,230,0.861,0.008,nanodrop_2,,
494,Default,4/23/2018,17:59,18.83,0.377,0.177,2.12,1.11,50,230,0.339,-0.018,nanodrop_2,,
307,Default,4/23/2018,18:00,66.75,1.335,0.693,1.93,2.15,50,230,0.622,0.002,nanodrop_2,,
470,Default,4/23/2018,18:00,71.62,1.432,0.733,1.95,1.43,50,230,0.999,-0.012,nanodrop_2,,
480,Default,4/23/2018,18:01,93.43,1.869,0.983,1.9,1.21,50,230,1.546,0.035,nanodrop_2,,
91,Default,4/13/2018,10:10,41.6,0.832,0.48,1.73,1.02,50,230,0.814,0.394,nanodrop_1,,
91,Default,4/13/2018,10:11,40.44,0.809,0.429,1.89,1.01,50,230,0.8,0.033,nanodrop_1,,
504,Default,4/13/2018,10:12,214.18,4.284,2.266,1.89,1.97,50,230,2.177,0.049,nanodrop_1,,
531,Default,4/13/2018,10:14,175.77,3.515,1.87,1.88,1.74,50,230,2.019,0.103,nanodrop_1,,
75,Default,4/13/2018,10:15,249.68,4.994,2.649,1.89,2.11,50,230,2.364,0.05,nanodrop_1,,
194,Default,4/13/2018,10:16,99.02,1.98,1.059,1.87,2.03,50,230,0.978,0.054,nanodrop_1,,
250,Default,4/13/2018,10:17,131.17,2.623,1.414,1.86,1.21,50,230,2.159,0.046,nanodrop_1,,
245,Default,4/13/2018,10:18,298.05,5.961,3.169,1.88,2.23,50,230,2.67,0.128,nanodrop_1,,
66,Default,4/13/2018,10:19,70.05,1.401,0.839,1.67,0.96,50,230,1.458,0.296,nanodrop_1,,
509,Default,4/13/2018,10:20,51.04,1.021,0.564,1.81,1.12,50,230,0.914,0.355,nanodrop_1,,
509,Default,4/13/2018,10:21,54.95,1.099,0.594,1.85,1.12,50,230,0.985,0.058,nanodrop_1,,
96,Default,4/13/2018,10:22,158.51,3.17,1.661,1.91,1.91,50,230,1.656,0.093,nanodrop_1,,
528,Default,4/13/2018,10:23,159.77,3.195,1.704,1.88,1.56,50,230,2.044,0.053,nanodrop_1,,
374,Default,4/13/2018,10:24,67.16,1.343,0.758,1.77,1.29,50,230,1.041,0.082,nanodrop_1,,
223,Default,4/13/2018,10:25,67.77,1.355,0.727,1.86,1.64,50,230,0.826,0.153,nanodrop_1,,
111,Default,4/13/2018,10:26,229.95,4.599,2.433,1.89,1.66,50,230,2.772,0.046,nanodrop_1,,
132,Default,4/13/2018,10:26,153.43,3.069,1.63,1.88,2.23,50,230,1.376,0.056,nanodrop_1,,
92,Default,4/13/2018,10:27,41.15,0.823,0.455,1.81,1.52,50,230,0.543,0.023,nanodrop_1,,
97,Default,4/13/2018,10:28,61.31,1.226,0.686,1.79,0.87,50,230,1.414,0.065,nanodrop_1,,
32,Default,4/13/2018,10:29,107.72,2.154,1.166,1.85,1.47,50,230,1.466,0.023,nanodrop_1,,
505,Default,4/13/2018,10:30,150.72,3.014,1.593,1.89,1.6,50,230,1.881,0.031,nanodrop_1,,
503,Default,4/13/2018,10:30,135.78,2.716,1.458,1.86,2.09,50,230,1.297,0.052,nanodrop_1,,
249,Default,4/13/2018,10:31,82.91,1.658,0.915,1.81,1.71,50,230,0.969,0.024,nanodrop_1,,
241,Default,4/13/2018,10:32,295.74,5.915,3.172,1.86,1.84,50,230,3.208,0.316,nanodrop_1,,
256,Default,4/13/2018,10:33,263.1,5.262,2.788,1.89,2.22,50,230,2.373,0.044,nanodrop_1,,
60,Default,4/13/2018,10:34,98.1,1.962,1.051,1.87,1.02,50,230,1.928,0.243,nanodrop_1,,
68,Default,4/13/2018,10:35,130.49,2.61,1.402,1.86,1.22,50,230,2.141,0.113,nanodrop_1,,
507,Default,4/13/2018,10:35,206.9,4.138,2.194,1.89,2.01,50,230,2.063,0.007,nanodrop_1,,
523,Default,4/13/2018,10:36,132.95,2.659,1.421,1.87,1.41,50,230,1.89,0.044,nanodrop_1,,
171,Default,4/13/2018,10:37,138.62,2.772,1.464,1.89,1.88,50,230,1.477,0.044,nanodrop_1,,
238,Default,4/13/2018,10:38,70.38,1.408,0.749,1.88,1.42,50,230,0.992,-0.065,nanodrop_1,,
125,Default,4/13/2018,10:39,217.15,4.343,2.31,1.88,2.11,50,230,2.059,0.037,nanodrop_1,,
226,Default,4/13/2018,10:39,165.21,3.304,1.772,1.86,1.99,50,230,1.658,0.121,nanodrop_1,,
63,Default,4/13/2018,10:40,193.66,3.873,2.088,1.85,1.67,50,230,2.318,0.086,nanodrop_1,,
506,Default,4/13/2018,10:41,15.37,0.307,0.194,1.59,0.42,50,230,0.726,0.006,nanodrop_1,,
76,Default,4/13/2018,10:42,48.24,0.965,0.514,1.88,1,50,230,0.963,0.017,nanodrop_1,,
57,Default,4/13/2018,10:43,2.9,0.058,0.077,0.76,0.4,50,230,0.147,0.035,nanodrop_1,,
535,Default,4/13/2018,10:43,249.21,4.984,2.622,1.9,1.47,50,230,3.395,0.017,nanodrop_1,,
149,Default,4/13/2018,10:44,181.94,3.639,1.938,1.88,2.1,50,230,1.734,0.006,nanodrop_1,,
146,Default,4/13/2018,10:45,189.14,3.783,2.001,1.89,1.99,50,230,1.901,0.058,nanodrop_1,,
251,Default,4/13/2018,10:46,107.12,2.142,1.146,1.87,1.81,50,230,1.185,0.011,nanodrop_1,,
95,Default,4/13/2018,10:47,121.83,2.437,1.338,1.82,1.17,50,230,2.086,0.245,nanodrop_1,,
67,Default,4/13/2018,10:47,57.8,1.156,0.645,1.79,0.4,50,230,2.883,0.608,nanodrop_1,,
15,Default,4/13/2018,10:48,112.84,2.257,1.217,1.85,1.4,50,230,1.609,3.606,nanodrop_1,,
375,Default,4/13/2018,10:49,134.93,2.699,1.452,1.86,1.78,50,230,1.515,0.075,nanodrop_1,,
64,Default,4/13/2018,10:50,326.08,6.522,3.487,1.87,2.16,50,230,3.023,0.093,nanodrop_1,,
243,Default,4/13/2018,10:50,261.14,5.223,2.778,1.88,1.88,50,230,2.773,0.037,nanodrop_1,,
252,Default,4/13/2018,10:51,111.26,2.225,1.211,1.84,1.68,50,230,1.321,0.152,nanodrop_1,,
224,Default,4/13/2018,10:52,183.57,3.671,1.942,1.89,2.16,50,230,1.703,0.033,nanodrop_1,,
533,Default,4/13/2018,10:52,314.39,6.288,3.316,1.9,1.77,50,230,3.542,0.009,nanodrop_1,,
71,Default,4/13/2018,10:53,49.24,0.985,0.536,1.84,0.87,50,230,1.134,0.908,nanodrop_1,,
61,Default,4/13/2018,10:54,53.57,1.071,0.656,1.63,0.65,50,230,1.642,0.231,nanodrop_1,,
510,Default,4/13/2018,10:55,147.57,2.951,1.583,1.86,1.83,50,230,1.614,0.037,nanodrop_1,,
172,Default,4/13/2018,10:55,134.31,2.686,1.423,1.89,2.09,50,230,1.288,0.027,nanodrop_1,,
235,Default,4/13/2018,10:56,181.79,3.636,1.966,1.85,1.72,50,230,2.117,0.078,nanodrop_1,,
120,Default,4/13/2018,10:57,74.26,1.485,0.777,1.91,2.06,50,230,0.723,0.024,nanodrop_1,,
248,Default,4/13/2018,10:58,201.11,4.022,2.157,1.86,1.76,50,230,2.286,0.053,nanodrop_1,,
513,Default,4/13/2018,10:59,193.3,3.866,2.059,1.88,1.84,50,230,2.097,0.041,nanodrop_1,,
525,Default,4/13/2018,11:00,7.24,0.145,0.092,1.58,0.1,50,230,1.522,0.247,nanodrop_1,,
94,Default,4/13/2018,11:01,108.74,2.175,1.186,1.83,1.44,50,230,1.509,0.064,nanodrop_1,,
529,Default,4/13/2018,11:01,4.96,0.099,0.049,2.03,0.34,50,230,0.288,0.003,nanodrop_1,,
8,Default,4/13/2018,11:02,302,6.04,3.189,1.89,2.24,50,230,2.697,0.037,nanodrop_1,,
76,Default,4/13/2018,11:03,194.7,3.894,2.076,1.88,2.17,50,230,1.795,0.059,nanodrop_1,,
240,Default,4/13/2018,11:04,165.84,3.317,1.78,1.86,1.91,50,230,1.734,0.09,nanodrop_1,,
14,Default,4/13/2018,11:06,45.44,0.909,0.466,1.95,0.44,50,230,2.074,-0.01,nanodrop_1,,
176,Default,4/13/2018,11:07,143.63,2.873,1.559,1.84,2,50,230,1.437,0.034,nanodrop_1,,
232,Default,4/13/2018,11:07,192.9,3.858,2.034,1.9,1.65,50,230,2.343,0.021,nanodrop_1,,
473,Default,4/13/2018,11:08,12.26,0.245,0.059,4.15,0.13,50,230,1.911,0.335,nanodrop_1,,
289,Default,4/13/2018,11:09,48.1,0.962,0.52,1.85,1.34,50,230,0.716,0.162,nanodrop_1,,
205,Default,4/13/2018,11:09,39.2,0.784,0.438,1.79,0.52,50,230,1.515,0.126,nanodrop_1,,
173,Default,4/13/2018,11:10,77.2,1.544,0.837,1.85,1.2,50,230,1.287,0.078,nanodrop_1,,
48,Default,4/13/2018,11:11,40.2,0.804,0.455,1.77,0.93,50,230,0.862,0.098,nanodrop_1,,
54,Default,4/13/2018,11:12,113.71,2.274,1.229,1.85,1.82,50,230,1.247,0.062,nanodrop_1,,
31,Default,4/13/2018,11:12,57.53,1.151,0.722,1.59,0.89,50,230,1.286,4.06,nanodrop_1,,
1,Default,4/13/2018,11:13,37.9,0.758,0.426,1.78,0.85,50,230,0.891,0.022,nanodrop_1,,
336,Default,4/13/2018,11:14,129.98,2.6,1.414,1.84,2,50,230,1.299,0.066,nanodrop_1,,
216,Default,4/13/2018,11:19,103.65,2.073,1.134,1.83,1.39,50,230,1.497,0.02,nanodrop_1,,
177,Default,4/13/2018,11:20,256.04,5.121,2.691,1.9,2.08,50,230,2.46,0.035,nanodrop_1,,
193,Default,4/13/2018,11:20,52.67,1.053,0.554,1.9,1.76,50,230,0.6,0.047,nanodrop_1,,
44,Default,4/13/2018,11:21,183.33,3.667,1.957,1.87,1.66,50,230,2.209,0.103,nanodrop_1,,
34,Default,4/13/2018,11:22,34.06,0.681,0.385,1.77,0.38,50,230,1.812,0.017,nanodrop_1,,
2,Default,4/13/2018,11:22,42.77,0.855,0.461,1.85,1.09,50,230,0.781,0.023,nanodrop_1,,
12,Default,4/13/2018,11:23,25.5,0.51,0.28,1.82,1.18,50,230,0.431,0.005,nanodrop_1,,
242,Default,4/13/2018,11:24,58.68,1.174,0.646,1.82,1.75,50,230,0.672,0.051,nanodrop_1,,
237,Default,4/13/2018,11:25,25.28,0.506,0.288,1.75,1.04,50,230,0.488,0.002,nanodrop_1,,
246,Default,4/13/2018,11:25,65.75,1.315,0.709,1.85,0.68,50,230,1.943,-0.009,nanodrop_1,,
213,Default,4/13/2018,11:26,44.48,0.89,0.482,1.84,0.34,50,230,2.644,0.045,nanodrop_1,,
55,Default,4/13/2018,11:26,43.57,0.871,0.463,1.88,1.75,50,230,0.499,0.024,nanodrop_1,,
37,Default,4/13/2018,11:27,43.85,0.877,0.496,1.77,1.37,50,230,0.639,0.04,nanodrop_1,,
3,Default,4/13/2018,11:28,39.86,0.797,0.46,1.73,0.09,50,230,9.205,1.371,nanodrop_1,,
13,Default,4/13/2018,11:29,17.5,0.35,0.203,1.72,0.63,50,230,0.557,0.037,nanodrop_1,,
478,Default,4/13/2018,11:29,48.12,0.962,0.502,1.92,1.62,50,230,0.596,-0.006,nanodrop_1,,
197,Default,4/13/2018,11:30,104.73,2.095,1.104,1.9,0.79,50,230,2.644,-0.009,nanodrop_1,,
236,Default,4/13/2018,11:30,135.83,2.717,1.36,2,0.43,50,230,6.375,-0.009,nanodrop_1,,
244,Default,4/13/2018,11:31,196.79,3.936,2.109,1.87,1.04,50,230,3.797,0.093,nanodrop_1,,
41,Default,4/13/2018,11:32,30.41,0.608,0.333,1.83,0.65,50,230,0.93,-0.018,nanodrop_1,,
29,Default,4/13/2018,11:33,170.32,3.406,1.83,1.86,1.79,50,230,1.901,0.03,nanodrop_1,,
20,Default,4/13/2018,11:33,23.73,0.475,0.278,1.71,0.5,50,230,0.946,0.004,nanodrop_1,,
9,Default,4/13/2018,11:34,63.91,1.278,0.713,1.79,1.03,50,230,1.245,0.103,nanodrop_1,,
419,Default,4/13/2018,11:35,78.72,1.574,0.871,1.81,0.68,50,230,2.315,0.012,nanodrop_1,,
424,Default,4/13/2018,11:35,121.9,2.438,1.295,1.88,1.81,50,230,1.346,-0.006,nanodrop_1,,
435,Default,4/13/2018,11:36,79.04,1.581,0.929,1.7,0.93,50,230,1.703,0.199,nanodrop_1,,
239,Default,4/13/2018,11:37,39.65,0.793,0.436,1.82,1.57,50,230,0.504,-0.002,nanodrop_1,,
58,Default,4/13/2018,11:37,14.7,0.294,0.151,1.95,0.74,50,230,0.396,0.031,nanodrop_1,,
27,Default,4/13/2018,11:38,113.1,2.262,1.228,1.84,1.01,50,230,2.237,0.018,nanodrop_1,,
23,Default,4/13/2018,11:39,44,0.88,0.506,1.74,1.01,50,230,0.868,0.012,nanodrop_1,,
11,Default,4/13/2018,11:39,20.27,0.405,0.204,1.99,1.11,50,230,0.364,0.035,nanodrop_1,,
451,Default,4/13/2018,11:40,256.87,5.137,2.725,1.89,2.08,50,230,2.475,0.017,nanodrop_1,,
447,Default,4/13/2018,11:41,46.54,0.931,0.571,1.63,0.31,50,230,2.971,0.044,nanodrop_1,,
445,Default,4/13/2018,11:41,80.39,1.608,0.851,1.89,0.62,50,230,2.587,0.003,nanodrop_1,,
229,Default,4/13/2018,11:42,200.42,4.008,2.132,1.88,2.2,50,230,1.821,0.028,nanodrop_1,,
38,Default,4/13/2018,11:42,41.52,0.83,0.481,1.73,0.77,50,230,1.083,0.027,nanodrop_1,,
52,Default,4/13/2018,11:43,24.74,0.495,0.264,1.87,0.84,50,230,0.592,-0.003,nanodrop_1,,
30,Default,4/13/2018,11:44,77.49,1.55,0.845,1.83,1.45,50,230,1.067,0.026,nanodrop_1,,
5,Default,4/13/2018,11:44,26.91,0.538,0.377,1.43,0.17,50,230,3.203,0.149,nanodrop_1,,
441,Default,4/13/2018,11:45,62.3,1.246,0.684,1.82,1.29,50,230,0.964,0.008,nanodrop_1,,
300,Default,4/13/2018,11:45,98.97,1.979,1.099,1.8,0.55,50,230,3.584,0.111,nanodrop_1,,
285,Default,4/13/2018,11:46,193.74,3.875,2.059,1.88,1.4,50,230,2.774,0.014,nanodrop_1,,
4,Default,4/13/2018,11:47,11.68,0.234,0.165,1.41,0.23,50,230,1.005,0.052,nanodrop_1,,
56,Default,4/13/2018,11:47,27.68,0.554,0.317,1.75,1.31,50,230,0.422,-0.012,nanodrop_1,,
53,Default,4/13/2018,11:48,146.98,2.94,1.59,1.85,2.05,50,230,1.435,0.128,nanodrop_1,,
21,Default,4/13/2018,11:48,116.59,2.332,1.249,1.87,1.16,50,230,2.007,0.09,nanodrop_1,,
278,Default,4/13/2018,11:49,174.04,3.481,1.847,1.88,2.09,50,230,1.664,0.002,nanodrop_1,,
456,Default,4/13/2018,11:50,93.33,1.867,0.991,1.88,1.75,50,230,1.069,0.025,nanodrop_1,,
453,Default,4/13/2018,11:50,205.56,4.111,2.191,1.88,2.01,50,230,2.049,0.044,nanodrop_1,,
274,Default,4/13/2018,11:51,116.47,2.329,1.235,1.89,1.63,50,230,1.426,0,nanodrop_1,,
269,Default,4/13/2018,11:52,137.55,2.751,1.496,1.84,1.37,50,230,2.003,0,nanodrop_1,,
127,Default,4/13/2018,11:53,60.76,1.215,0.66,1.84,0.27,50,230,4.481,0.046,nanodrop_1,,
158,Default,4/13/2018,11:53,69.1,1.382,0.736,1.88,1.47,50,230,0.94,0,nanodrop_1,,
112,Default,4/13/2018,11:54,191.51,3.83,2.049,1.87,0.76,50,230,5.039,0.058,nanodrop_1,,
140,Default,4/13/2018,11:54,29.91,0.598,0.317,1.89,0.47,50,230,1.284,-0.055,nanodrop_1,,
253,Default,4/13/2018,11:55,47.65,0.953,0.492,1.94,0.29,50,230,3.243,-0.018,nanodrop_1,,
292,Default,4/13/2018,11:56,57.76,1.155,0.628,1.84,0.23,50,230,4.999,0.808,nanodrop_1,,
247,Default,4/13/2018,11:56,260.77,5.215,2.779,1.88,2.15,50,230,2.423,-0.004,nanodrop_1,,
281,Default,4/13/2018,11:57,222.03,4.441,2.361,1.88,1.98,50,230,2.248,0.007,nanodrop_1,,
162,Default,4/13/2018,11:57,204.9,4.098,2.178,1.88,1.42,50,230,2.888,0.029,nanodrop_1,,
164,Default,4/13/2018,11:58,135.5,2.71,1.458,1.86,1.02,50,230,2.668,0.051,nanodrop_1,,
118,Default,4/13/2018,11:59,108.12,2.162,1.146,1.89,0.16,50,230,13.259,1.255,nanodrop_1,,
142,Default,4/13/2018,11:59,18.56,0.371,0.394,0.94,0.58,50,230,0.636,0.017,nanodrop_1,,
254,Default,4/13/2018,12:00,41.26,0.825,0.495,1.67,0.41,50,230,2.01,0.14,nanodrop_1,,
481,Default,4/13/2018,12:00,79.31,1.586,0.843,1.88,1.47,50,230,1.08,0.018,nanodrop_1,,
159,Default,4/13/2018,12:01,81.53,1.631,0.782,2.08,1.02,50,230,1.598,8.226,nanodrop_1,,
105,Default,4/13/2018,12:02,175.05,3.501,1.871,1.87,0.98,50,230,3.568,0.018,nanodrop_1,,
165,Default,4/13/2018,12:02,271.78,5.436,3.433,1.58,0.47,50,230,11.626,11.45,nanodrop_1,,
166,Default,4/13/2018,12:03,56.65,1.133,0.609,1.86,0.88,50,230,1.283,0.007,nanodrop_1,,
150,Default,4/13/2018,12:04,109.92,2.198,1.205,1.82,1,50,230,2.192,0.024,nanodrop_1,,
139,Default,4/13/2018,12:04,18.24,0.365,0.218,1.67,1.35,50,230,0.27,-0.002,nanodrop_1,,
124,Default,4/13/2018,12:05,242.39,4.848,2.56,1.89,2.22,50,230,2.187,0.024,nanodrop_1,,
493,Default,4/13/2018,12:05,88.98,1.78,0.952,1.87,1.54,50,230,1.157,0.016,nanodrop_1,,
204,Default,4/13/2018,12:06,283.25,5.665,3.059,1.85,0.91,50,230,6.23,0.141,nanodrop_1,,
169,Default,4/13/2018,12:07,136.16,2.723,1.502,1.81,0.35,50,230,7.702,0.106,nanodrop_1,,
161,Default,4/13/2018,12:07,229.65,4.593,2.463,1.86,1.88,50,230,2.445,0.025,nanodrop_1,,
155,Default,4/13/2018,12:08,51.56,1.031,0.551,1.87,0.39,50,230,2.624,0.029,nanodrop_1,,
151,Default,4/13/2018,12:08,27.36,0.547,0.319,1.72,0.68,50,230,0.808,0.007,nanodrop_1,,
110,Default,4/13/2018,12:09,77.61,1.552,0.82,1.89,0.78,50,230,1.983,0.053,nanodrop_1,,
133,Default,4/13/2018,12:09,171.06,3.421,1.828,1.87,2.06,50,230,1.659,0.035,nanodrop_1,,
206,Default,4/13/2018,12:10,177.93,3.559,1.891,1.88,1.33,50,230,2.677,0.047,nanodrop_1,,
202,Default,4/13/2018,12:11,53.95,1.079,0.594,1.82,0.47,50,230,2.293,0.002,nanodrop_1,,
170,Default,4/13/2018,12:11,182.71,3.654,1.955,1.87,1.1,50,230,3.317,0.013,nanodrop_1,,
167,Default,4/13/2018,12:12,171.43,3.429,1.843,1.86,1.82,50,230,1.889,0.003,nanodrop_1,,
144,Default,4/13/2018,12:12,162.02,3.24,1.737,1.87,0.61,50,230,5.339,1.766,nanodrop_1,,
119,Default,4/13/2018,12:13,219.82,4.396,2.368,1.86,1.47,50,230,2.987,0.076,nanodrop_1,,
135,Default,4/13/2018,12:14,124.28,2.486,1.333,1.86,1.8,50,230,1.378,0.026,nanodrop_1,,
134,Default,4/13/2018,12:14,8.85,0.177,0.094,1.88,0.18,50,230,0.995,0.036,nanodrop_1,,
148,Default,4/13/2018,12:15,280.1,5.602,2.996,1.87,1.76,50,230,3.192,0.058,nanodrop_1,,
131,Default,4/13/2018,12:15,134.65,2.693,1.436,1.87,1.64,50,230,1.643,0,nanodrop_1,,
138,Default,4/13/2018,12:16,74.77,1.495,0.826,1.81,1.52,50,230,0.986,0.055,nanodrop_1,,
168,Default,4/13/2018,12:16,252.67,5.053,2.68,1.89,1.68,50,230,3.017,0.002,nanodrop_1,,
115,Default,4/13/2018,12:17,88.15,1.763,0.944,1.87,1.57,50,230,1.122,0.031,nanodrop_1,,
123,Default,4/13/2018,12:18,143.56,2.871,1.544,1.86,1.88,50,230,1.53,0.054,nanodrop_1,,
136,Default,4/13/2018,12:18,21.53,0.431,0.227,1.9,0.59,50,230,0.729,0.009,nanodrop_1,,
101,Default,4/13/2018,12:19,56.45,1.129,0.667,1.69,0.19,50,230,5.813,0.11,nanodrop_1,,
145,Default,4/13/2018,12:19,181.93,3.639,1.995,1.82,0.85,50,230,4.28,0.218,nanodrop_1,,
126,Default,4/13/2018,12:20,142.83,2.857,1.523,1.88,1.28,50,230,2.238,0.036,nanodrop_1,,
457,Default,4/13/2018,12:21,118.82,2.376,1.288,1.84,1.06,50,230,2.252,0.031,nanodrop_1,,
260,Default,4/13/2018,12:21,82.22,1.644,0.882,1.86,0.82,50,230,1.998,0.023,nanodrop_1,,
262,Default,4/13/2018,12:22,88.77,1.775,0.972,1.83,1.03,50,230,1.732,0.04,nanodrop_1,,
143,Default,4/13/2018,12:22,43.13,0.863,0.46,1.88,1.32,50,230,0.653,0.041,nanodrop_1,,
106,Default,4/13/2018,12:23,122.61,2.452,1.319,1.86,0.97,50,230,2.516,0.031,nanodrop_1,,
102,Default,4/13/2018,12:24,107.08,2.142,1.144,1.87,1.61,50,230,1.327,0.003,nanodrop_1,,
258,Default,4/13/2018,12:24,133.26,2.665,1.443,1.85,0.95,50,230,2.797,0.016,nanodrop_1,,
108,Default,4/13/2018,12:25,75.9,1.518,0.824,1.84,1.05,50,230,1.451,0.001,nanodrop_1,,
461,Default,4/13/2018,12:25,161.01,3.22,1.712,1.88,1.83,50,230,1.761,0.027,nanodrop_1,,
462,Default,4/13/2018,12:26,122.31,2.446,1.345,1.82,0.89,50,230,2.762,0.131,nanodrop_1,,
463,Default,4/13/2018,12:26,78.53,1.571,0.886,1.77,0.81,50,230,1.936,0.137,nanodrop_1,,
128,Default,4/13/2018,12:27,3.68,0.074,0.032,2.34,0.06,50,230,1.256,0.012,nanodrop_1,,
104,Default,4/13/2018,12:27,230.77,4.615,2.445,1.89,1.63,50,230,2.826,-0.014,nanodrop_1,,
103,Default,4/13/2018,12:28,49.86,0.997,0.581,1.72,0.55,50,230,1.811,0.063,nanodrop_1,,
117,Default,4/13/2018,12:29,85.43,1.709,0.907,1.88,1.28,50,230,1.334,-0.012,nanodrop_1,,
116,Default,4/13/2018,12:29,52.67,1.053,0.567,1.86,1.28,50,230,0.821,0.028,nanodrop_1,,
157,Default,4/13/2018,12:30,215.61,4.312,2.307,1.87,1.8,50,230,2.39,0.041,nanodrop_1,,
